id,plan,username,last_login_date,expire_date
1,free,shaynes,2020-06-10,
2,basic,jillterry,2021-12-13,2021-11-19
3,basic,michellemiller,2023-04-16,2022-09-27
4,full,abarker,2021-06-25,2021-05-15
5,basic,williamsfrancisco,2021-05-29,2020-08-17
6,full,jenniferpowell,2023-07-22,2020-10-13
7,basic,smithchad,2022-12-14,2021-11-06
8,full,zbradford,2020-11-23,2021-10-05
9,full,gonzaleswendy,2023-03-25,2023-03-09
10,basic,terryvargas,2023-02-24,2021-12-20
11,free,julie35,2023-05-11,
12,full,xjackson,2020-04-28,2021-09-14
13,free,moodylori,2021-02-09,
14,full,tanyarodriguez,2021-03-13,2023-04-13
15,basic,carterkari,2020-06-09,2021-09-12
16,basic,jasmine96,2023-08-03,2021-03-30
17,full,cherylbarnes,2022-10-07,2023-07-05
18,basic,anthony65,2023-06-22,2023-07-22
19,full,andersonandrew,2020-04-16,2022-01-24
20,free,bakermelissa,2021-01-06,
21,full,afrancis,2022-11-22,2020-03-25
22,basic,jhall,2020-10-09,2022-11-05
23,basic,mckinneyjose,2020-01-25,2020-04-16
24,basic,benjamin99,2022-04-06,2023-11-17
25,free,johnsonashley,2021-04-06,
26,free,cruzmichael,2021-09-07,
27,free,jwalker,2020-12-28,
28,full,michelle01,2022-01-03,2023-07-22
29,full,alejandro36,2021-03-09,2022-11-02
30,free,jamesroberts,2022-08-29,
31,full,susan59,2022-10-22,2020-01-07
32,free,amandamullins,2021-11-06,
33,full,rachel47,2022-04-07,2021-03-23
34,basic,qlara,2023-07-31,2020-06-11
35,basic,tommy86,2021-03-12,2023-04-08
36,free,mbush,2021-06-04,
37,basic,christinahenry,2020-08-17,2020-03-11
38,basic,sloanjessica,2021-05-15,2021-10-03
39,full,angelaflores,2021-07-04,2023-02-22
40,basic,wbarton,2023-06-18,2023-06-01
41,free,ericnelson,2021-03-02,
42,basic,alexander12,2023-08-04,2020-11-20
43,free,larabrian,2022-05-12,
44,free,timothy97,2023-06-30,
45,free,nbarker,2021-06-18,
46,basic,cdavis,2023-05-31,2022-11-07
47,basic,jonesmelissa,2022-04-27,2023-02-21
48,full,ericksonaaron,2022-08-11,2021-05-17
49,full,allison83,2023-06-20,2020-12-23
50,basic,phelpstiffany,2022-08-16,2023-05-25
51,free,patrickcastaneda,2022-03-14,
52,full,andreakelly,2022-12-26,2020-12-09
53,full,megansmith,2021-12-05,2022-07-11
54,free,jenniferkhan,2023-03-12,
55,basic,kayla90,2020-06-06,2023-11-28
56,full,jennifer33,2021-03-01,2020-04-20
57,free,timothyharvey,2023-06-02,
58,free,lisa93,2023-07-29,
59,free,eelliott,2021-05-06,
60,free,michelle14,2020-04-13,
61,free,randerson,2023-01-29,
62,full,arthur59,2022-12-27,2022-09-08
63,full,taylorivan,2021-03-18,2022-01-07
64,basic,singhjoshua,2020-01-02,2022-06-15
65,free,ewalls,2020-11-15,
66,full,aromero,2020-11-13,2023-11-16
67,basic,baileydaniel,2020-07-13,2021-06-10
68,full,christopherbautista,2020-07-18,2020-11-21
69,free,xashley,2023-03-07,
70,full,sanchezjustin,2022-07-25,2021-03-22
71,free,ngreen,2021-10-20,
72,free,josephmurray,2020-03-09,
73,full,csherman,2022-05-11,2023-08-03
74,free,christophermay,2020-08-22,
75,basic,wintersdebra,2023-09-20,2020-11-20
76,basic,bushjennifer,2020-12-02,2022-06-04
77,full,susan36,2021-03-09,2023-03-06
78,full,wsingh,2020-09-16,2023-03-09
79,basic,jamesmarks,2020-09-23,2022-07-10
80,basic,carl63,2022-07-26,2020-11-01
81,free,zcampbell,2022-09-18,
82,full,monique29,2021-03-02,2020-09-10
83,free,sextontammy,2022-02-21,
84,full,christopher33,2022-07-23,2023-10-22
85,basic,robert58,2021-07-03,2023-07-04
86,basic,carrjohn,2021-12-04,2021-08-07
87,basic,herbertgonzalez,2021-05-01,2020-12-02
88,full,allentammy,2020-11-25,2023-05-26
89,basic,rodriguezrobert,2022-09-14,2022-11-13
90,basic,bryantheather,2021-09-25,2022-05-27
91,full,lloydfrederick,2023-02-06,2022-12-30
92,basic,cunninghambrooke,2021-06-19,2022-07-04
93,basic,nmaxwell,2022-03-05,2022-02-06
94,basic,schroederwilliam,2023-08-12,2023-08-21
95,full,sextontiffany,2023-01-02,2021-10-13
96,full,thomas29,2021-08-23,2022-02-16
97,basic,brianna29,2020-11-01,2020-03-11
98,basic,wrightpaula,2020-07-13,2023-07-13
99,basic,jgraves,2020-03-14,2020-01-02
100,basic,stacysmith,2022-11-13,2020-05-05
101,full,craigjessica,2023-11-23,2022-09-09
102,full,christiankemp,2021-03-24,2023-02-26
103,basic,lisahopkins,2023-09-03,2020-12-08
104,full,hawkinslisa,2022-03-26,2022-07-06
105,free,travistyler,2022-01-30,
106,basic,htaylor,2022-03-26,2021-06-20
107,full,philip32,2022-02-08,2021-11-09
108,full,davidrodriguez,2021-09-06,2022-11-10
109,free,richard86,2022-05-31,
110,full,xcarr,2023-11-22,2020-05-02
111,full,joshua14,2021-03-02,2022-02-08
112,free,emilyprice,2023-02-14,
113,full,johnhill,2022-12-15,2022-12-28
114,basic,waltonleonard,2023-05-30,2020-11-10
115,free,alexanderjackson,2020-11-16,
116,full,larryvelasquez,2020-02-21,2023-11-19
117,full,alejandra16,2022-05-15,2021-10-03
118,basic,allison35,2021-12-05,2020-05-21
119,free,martinchristine,2020-02-16,
120,full,qcox,2021-06-27,2023-01-27
121,full,udawson,2022-01-14,2022-09-23
122,free,codyyoung,2021-12-16,
123,basic,johnsonhannah,2022-03-30,2020-03-15
124,basic,paulandrew,2021-05-28,2021-06-18
125,basic,sally35,2020-05-27,2020-01-27
126,full,bfletcher,2020-02-23,2022-11-10
127,basic,josecummings,2023-01-23,2023-04-01
128,full,brianshaw,2020-09-29,2020-12-24
129,free,joanna09,2020-09-23,
130,free,nsnyder,2020-03-26,
131,free,qmiller,2023-04-11,
132,basic,marcusmiller,2023-11-21,2021-02-28
133,free,meredithkelly,2023-08-18,
134,basic,judy72,2021-04-03,2022-10-13
135,full,vgregory,2021-03-30,2020-03-31
136,full,jonesedward,2021-04-26,2021-10-12
137,basic,npowers,2023-06-05,2021-06-29
138,free,johnkent,2022-03-16,
139,free,george00,2021-10-07,
140,basic,amanda70,2022-03-02,2023-07-27
141,basic,vfernandez,2023-04-22,2022-02-24
142,free,gutierrezlauren,2021-11-21,
143,basic,dillonbrittany,2022-02-05,2020-09-23
144,full,xduarte,2023-07-16,2021-12-05
145,full,kstephens,2023-10-20,2021-05-25
146,free,rluna,2020-10-18,
147,full,jonathan81,2021-01-28,2021-05-30
148,full,jeffreyschultz,2022-05-21,2021-07-26
149,basic,mcclainalicia,2020-10-12,2023-06-21
150,full,zmoore,2022-12-15,2021-05-25
151,free,huntkevin,2021-02-03,
152,free,joel33,2023-10-03,
153,full,nnelson,2023-06-09,2021-07-06
154,basic,rhonda54,2021-07-18,2022-01-06
155,free,xhuffman,2022-07-02,
156,full,travisgray,2023-01-07,2021-07-18
157,basic,sheena18,2020-12-10,2020-01-11
158,full,adrian43,2021-04-19,2020-12-07
159,basic,smithvincent,2021-07-02,2022-04-11
160,free,kristin42,2022-09-20,
161,free,qthomas,2021-03-03,
162,basic,kathleencontreras,2023-07-21,2022-09-20
163,full,brookskelly,2023-06-18,2022-10-01
164,full,cyoung,2023-11-29,2023-04-12
165,basic,xwillis,2020-02-11,2022-05-10
166,basic,qmoore,2020-09-05,2020-06-14
167,full,rachaelthomas,2023-04-28,2023-11-15
168,full,christopher66,2023-06-27,2020-02-25
169,basic,deniseharris,2020-04-19,2020-04-27
170,full,caldwelljohn,2020-02-14,2022-08-02
171,basic,lopezsabrina,2023-09-27,2021-01-29
172,free,jaythompson,2023-04-12,
173,full,jason43,2021-06-13,2023-02-26
174,free,oharris,2021-07-03,
175,full,kathrynallen,2020-08-30,2021-10-25
176,full,amanda26,2020-11-24,2023-10-31
177,full,jmorris,2020-08-22,2022-07-17
178,free,brendawright,2020-07-17,
179,full,joelmalone,2023-01-06,2020-10-19
180,full,callahanbrenda,2021-04-27,2021-06-14
181,basic,christopher07,2020-06-09,2021-02-06
182,basic,crivera,2021-01-04,2023-07-17
183,basic,cynthia71,2021-05-19,2021-11-17
184,free,jacksongregory,2020-11-13,
185,full,shawchristina,2020-05-19,2021-05-14
186,full,harrisjennifer,2021-10-05,2023-04-23
187,free,contreraskevin,2020-08-29,
188,free,uaguilar,2023-02-16,
189,basic,warekaren,2021-07-05,2021-05-11
190,basic,freemanpatricia,2022-03-12,2022-06-09
191,full,amy06,2022-09-21,2020-06-26
192,full,matthew26,2022-02-11,2022-03-02
193,basic,csmith,2022-01-02,2022-12-04
194,full,jordanchad,2023-10-12,2020-01-09
195,basic,zsimpson,2022-09-06,2020-05-30
196,basic,ambercoleman,2021-09-20,2020-07-27
197,full,smithchristian,2020-01-25,2021-12-15
198,free,jennaburke,2023-05-07,
199,free,stevenparker,2023-01-18,
200,free,veronica92,2020-09-01,
201,basic,joseph06,2020-10-13,2020-07-19
202,free,langrobin,2021-09-14,
203,free,aelliott,2023-03-15,
204,full,dmitchell,2021-05-09,2022-05-26
205,free,chapmandaryl,2021-05-11,
206,free,zachary00,2021-11-18,
207,free,josephstewart,2023-10-15,
208,free,uschwartz,2020-08-01,
209,free,dsharp,2022-03-17,
210,free,reyesedward,2021-11-03,
211,basic,jjohnson,2023-10-03,2023-04-02
212,full,griffithpatrick,2021-06-11,2020-10-03
213,basic,uedwards,2021-02-28,2023-04-05
214,basic,rowecristian,2023-07-09,2023-06-03
215,free,greenebrooke,2023-01-09,
216,full,joshua74,2020-09-15,2023-06-30
217,basic,michael47,2023-07-10,2021-11-11
218,basic,darrylmartinez,2021-07-05,2021-06-29
219,free,vwilliams,2022-06-08,
220,basic,nathan41,2023-05-04,2023-07-01
221,free,denisejohnson,2023-05-26,
222,full,lauren72,2022-10-12,2022-07-31
223,basic,maddenandre,2021-12-09,2022-11-20
224,free,warddavid,2021-01-01,
225,full,brownkenneth,2022-04-22,2023-11-19
226,full,merceramanda,2023-10-20,2023-02-25
227,full,savagetravis,2020-04-05,2020-11-30
228,full,jennykelley,2022-02-12,2023-02-15
229,basic,fthompson,2022-05-19,2022-01-14
230,basic,gardnerjerry,2023-05-04,2020-04-08
231,free,kara53,2021-12-30,
232,basic,srodriguez,2020-02-27,2021-01-14
233,full,browndaniel,2022-05-16,2023-11-02
234,free,rodneypatel,2023-07-13,
235,basic,wilsonkevin,2021-08-29,2020-09-21
236,basic,jacksonpeggy,2023-10-12,2022-04-07
237,full,jhardy,2021-12-13,2020-09-30
238,full,csanchez,2020-12-01,2021-09-28
239,basic,elliottjacqueline,2023-12-04,2023-01-15
240,full,livingstonruben,2023-04-07,2023-03-08
241,full,brianjoseph,2022-02-23,2022-05-15
242,basic,shannonfoster,2023-10-12,2020-02-20
243,full,zbranch,2020-01-19,2022-04-13
244,free,dguerrero,2020-09-13,
245,free,saunderssierra,2021-10-08,
246,full,amandaferguson,2021-05-08,2022-11-08
247,free,smithelizabeth,2020-03-18,
248,full,waltonandre,2021-03-04,2020-02-22
249,full,johnwelch,2020-10-27,2020-08-17
250,full,ztaylor,2022-06-25,2022-08-05
251,free,derrick35,2023-08-09,
252,free,amanda36,2023-08-30,
253,basic,shane86,2020-07-31,2023-09-18
254,free,richardwilliams,2021-05-29,
255,free,geraldbeck,2023-06-21,
256,full,joseph76,2020-03-31,2021-06-25
257,free,cindyprice,2022-12-08,
258,full,abigail11,2020-12-27,2022-02-03
259,basic,owensmichael,2020-04-05,2022-02-15
260,free,belindathompson,2020-06-02,
261,full,ojohnson,2022-09-18,2020-03-30
262,basic,schmidtashley,2023-05-11,2021-02-25
263,full,robert41,2021-02-09,2022-09-26
264,free,hickmandana,2022-02-07,
265,free,jasonburch,2022-02-21,
266,free,bakerchelsea,2021-10-27,
267,full,dbrown,2023-07-12,2022-10-29
268,full,batescraig,2021-12-12,2022-08-16
269,full,joy47,2020-08-11,2023-03-15
270,basic,paulgordon,2022-01-29,2021-11-22
271,basic,patrickmccullough,2023-02-22,2021-04-01
272,basic,anthonybass,2020-06-23,2022-03-14
273,free,jonathan82,2021-09-16,
274,basic,mchandler,2020-04-20,2020-04-27
275,free,ahoffman,2021-10-19,
276,full,grantspencer,2022-01-20,2022-05-27
277,basic,ellisrobin,2020-10-05,2021-08-01
278,full,nortonsophia,2022-03-21,2020-09-24
279,free,lgreen,2020-05-20,
280,full,andrew31,2021-05-11,2020-02-03
281,free,jamesbrittany,2022-04-28,
282,full,mgray,2021-07-09,2022-01-01
283,free,edwardmason,2022-06-21,
284,full,morganmichael,2022-07-29,2021-04-19
285,full,sbaker,2021-10-13,2023-05-17
286,basic,kayla65,2021-04-01,2021-07-23
287,basic,melanie00,2023-02-04,2021-06-21
288,basic,rwilson,2021-02-07,2022-08-03
289,basic,diana24,2022-09-21,2023-02-13
290,free,amberruiz,2022-05-09,
291,free,mrussell,2020-06-13,
292,basic,dean40,2021-05-31,2023-12-04
293,basic,campbellrichard,2022-06-10,2022-08-07
294,free,smarshall,2021-10-17,
295,full,kevin61,2021-05-19,2020-05-18
296,basic,jgarner,2022-07-02,2023-05-26
297,basic,lisajohnson,2022-11-26,2022-11-02
298,full,camachoamber,2022-02-03,2020-08-02
299,free,david22,2023-02-14,
300,free,wprince,2022-08-30,
301,free,ereed,2022-08-19,
302,basic,lyncheric,2020-11-07,2020-10-28
303,full,michael69,2021-07-14,2020-10-08
304,basic,ywilkins,2022-06-13,2021-01-10
305,basic,christopher73,2021-04-22,2022-10-25
306,basic,jessica51,2022-08-02,2023-03-12
307,basic,thomasjacob,2021-02-01,2020-08-26
308,free,fhatfield,2021-11-23,
309,full,jasonboyd,2022-10-03,2023-12-09
310,free,tmckinney,2020-05-27,
311,full,phamshannon,2023-11-17,2023-02-23
312,full,christina05,2022-02-20,2023-07-19
313,full,karen80,2023-03-08,2020-12-16
314,full,mollyespinoza,2023-07-31,2022-02-18
315,basic,murrayyvette,2021-09-02,2023-03-31
316,full,charlestaylor,2020-09-24,2022-01-15
317,basic,crobbins,2020-01-11,2021-10-04
318,full,awhitehead,2021-08-09,2023-11-08
319,full,gabriellelutz,2021-12-28,2020-04-01
320,basic,lawrencelloyd,2020-01-05,2021-03-06
321,basic,joneschristopher,2020-05-26,2023-01-06
322,basic,jeffreyjohnston,2020-07-03,2023-09-12
323,basic,honeal,2023-04-20,2022-09-03
324,full,christopher05,2023-08-18,2020-03-23
325,full,carterthomas,2023-07-05,2022-07-21
326,free,kimberlygarcia,2022-09-26,
327,free,mreed,2022-11-18,
328,free,petersencheryl,2023-11-08,
329,basic,justin90,2022-12-02,2023-04-24
330,free,sarah34,2020-08-08,
331,basic,tmeyers,2020-08-22,2022-03-15
332,basic,lesliemoore,2020-12-25,2023-01-11
333,free,katherineortiz,2021-04-09,
334,free,kathryngutierrez,2023-03-20,
335,free,cynthia75,2020-09-08,
336,free,bmcdonald,2022-12-25,
337,full,anelson,2023-07-24,2020-09-14
338,basic,justinholland,2022-11-29,2020-03-28
339,full,mccannjo,2023-02-07,2023-11-26
340,full,gparsons,2023-10-13,2022-10-11
341,full,garciaraymond,2020-07-29,2020-07-29
342,full,sanderskenneth,2022-03-08,2022-10-29
343,basic,daniellewilliams,2023-10-05,2021-09-26
344,full,walterslaura,2022-04-02,2021-01-01
345,full,lsteele,2020-04-15,2021-04-25
346,basic,dglenn,2020-11-19,2020-06-25
347,full,douglas06,2020-04-12,2020-10-04
348,full,thomas31,2022-03-30,2022-02-19
349,full,clarkjoyce,2022-12-24,2020-04-02
350,basic,bakerphilip,2021-06-17,2023-05-05
351,full,ugoodman,2023-06-27,2022-11-04
352,basic,whitechristina,2021-04-29,2022-09-18
353,full,vwhite,2020-06-11,2020-08-18
354,free,wagnerallison,2022-06-21,
355,free,nicolelarson,2021-05-09,
356,full,suzannerobinson,2020-02-01,2020-01-02
357,free,tamara98,2023-03-05,
358,basic,campbelltonya,2022-01-02,2022-06-03
359,basic,loribrown,2021-07-05,2021-05-14
360,full,william31,2021-07-10,2022-10-20
361,full,lowejoshua,2023-12-02,2023-12-01
362,basic,nmiles,2021-10-04,2020-07-09
363,full,sgraves,2021-04-06,2020-07-19
364,basic,jeffrey07,2022-12-04,2023-03-07
365,full,stephanieferguson,2021-01-04,2023-04-22
366,free,reyesstephen,2023-06-03,
367,basic,uprice,2022-06-22,2021-05-02
368,basic,byrdbrittany,2023-12-09,2023-07-27
369,basic,taylorstephen,2021-10-25,2020-04-15
370,full,allisondaugherty,2021-05-21,2023-04-27
371,free,robinthomas,2020-01-09,
372,full,cynthiaward,2021-08-12,2021-05-17
373,free,jensenmichael,2023-06-08,
374,basic,natalie62,2022-01-12,2020-04-30
375,full,zgreen,2020-02-13,2023-03-11
376,basic,nbrown,2021-12-28,2020-05-22
377,free,sara97,2023-02-25,
378,free,joereed,2023-05-29,
379,full,jonesshannon,2020-09-07,2022-08-03
380,free,robertphillips,2020-02-06,
381,basic,zgarcia,2020-11-02,2022-03-21
382,basic,michael24,2022-05-10,2020-08-05
383,full,sabrina45,2021-08-05,2021-01-11
384,full,melissa26,2021-06-23,2021-06-27
385,full,nward,2023-06-14,2023-07-26
386,basic,wpena,2022-09-11,2023-06-17
387,full,ososa,2022-11-28,2021-09-23
388,free,jodicowan,2020-09-17,
389,full,gregoryrusso,2022-10-13,2022-04-24
390,basic,samanthahodge,2022-10-15,2020-04-13
391,free,keithsingh,2020-05-17,
392,full,castillobrent,2020-06-29,2021-05-30
393,full,uwang,2020-01-04,2021-12-23
394,basic,taylorelizabeth,2022-07-12,2023-03-15
395,full,hernandezkristin,2020-08-13,2020-07-12
396,full,stephanietaylor,2020-12-30,2020-05-07
397,basic,gomezmatthew,2020-02-04,2020-02-25
398,full,robincastillo,2020-12-11,2023-03-10
399,basic,anna79,2022-03-11,2020-02-08
400,basic,debrawhitehead,2022-05-03,2020-02-22
401,free,allencheryl,2022-08-19,
402,free,whahn,2022-05-24,
403,full,mark74,2020-07-08,2020-05-15
404,full,urios,2023-11-02,2021-04-23
405,free,grahamlauren,2021-04-04,
406,full,jdrake,2020-01-16,2021-04-08
407,basic,zluna,2022-01-11,2020-10-15
408,basic,yochoa,2020-03-30,2022-02-08
409,full,qthompson,2022-04-14,2023-06-08
410,basic,bcarlson,2023-10-30,2020-12-13
411,free,davisdoris,2023-02-09,
412,basic,bradfordnancy,2023-10-30,2023-04-20
413,free,mooneykevin,2021-07-15,
414,full,lisa76,2021-06-21,2021-10-24
415,basic,apeters,2022-06-13,2020-06-14
416,free,dakota44,2021-04-20,
417,free,crossbrandon,2023-09-18,
418,basic,nicoletodd,2022-12-30,2023-09-02
419,free,martinezcassidy,2022-11-21,
420,free,nicholas09,2020-02-19,
421,basic,wsherman,2023-11-12,2023-06-23
422,full,ericareyes,2023-08-31,2020-02-26
423,full,sextonlisa,2020-04-14,2022-12-09
424,free,wrogers,2022-05-02,
425,full,denniszimmerman,2023-10-05,2023-03-24
426,basic,lynn91,2023-07-06,2020-08-29
427,basic,renee56,2023-01-05,2020-04-15
428,free,joshuahiggins,2022-02-21,
429,free,dwhitaker,2023-12-09,
430,free,youngchristopher,2020-12-11,
431,full,danieloliver,2020-12-03,2021-11-09
432,full,ajohnson,2022-03-16,2020-11-20
433,basic,amygrimes,2022-09-10,2022-12-12
434,free,rogersdavid,2021-01-21,
435,basic,robert20,2023-03-29,2022-03-07
436,full,nicholas77,2021-11-17,2022-09-03
437,free,pperry,2021-10-17,
438,full,dmcintyre,2022-06-21,2022-05-30
439,basic,jillblair,2022-04-22,2023-11-27
440,full,omalone,2022-03-01,2023-06-22
441,basic,rickywise,2021-07-19,2022-11-04
442,basic,jamiedavila,2023-02-07,2022-08-01
443,full,teresa18,2021-01-01,2023-08-20
444,basic,megan84,2023-01-01,2021-11-11
445,full,jbrown,2023-01-18,2021-08-11
446,free,smithmarissa,2022-07-20,
447,free,megandean,2021-10-19,
448,basic,mmoss,2023-01-23,2022-01-15
449,basic,olivia81,2022-04-02,2021-05-26
450,free,ericbyrd,2020-04-03,
451,free,brownlisa,2020-07-30,
452,basic,laurasmith,2022-03-20,2022-12-21
453,full,vasquezmarc,2020-01-30,2023-11-02
454,full,katherine55,2021-10-16,2020-08-23
455,full,todd44,2020-09-10,2023-02-24
456,full,davisalison,2023-09-15,2020-01-21
457,basic,ashley09,2020-05-05,2022-09-12
458,basic,david99,2023-05-18,2023-11-22
459,basic,johnhernandez,2020-03-29,2022-11-13
460,full,bryanking,2021-04-27,2022-08-19
461,free,christiandaniel,2021-11-07,
462,basic,robinsonmary,2020-03-03,2022-12-22
463,free,heidi99,2022-05-17,
464,basic,davilapaige,2021-07-16,2020-06-09
465,free,jasmine22,2022-08-31,
466,free,jeremywhite,2020-12-31,
467,basic,jimmy28,2023-05-28,2021-12-30
468,basic,grasmussen,2022-11-03,2022-06-19
469,basic,jason59,2020-01-30,2020-06-06
470,basic,wilsonleslie,2020-05-29,2021-07-22
471,full,rduncan,2022-03-24,2022-04-10
472,full,gomezvanessa,2023-04-29,2022-04-10
473,free,obrienjoseph,2020-04-24,
474,basic,styler,2021-12-13,2021-11-06
475,free,tammy14,2022-02-27,
476,free,erindeleon,2022-10-28,
477,basic,tina35,2020-04-10,2022-02-24
478,basic,dnolan,2022-06-27,2020-03-21
479,basic,fjones,2021-11-28,2021-08-15
480,basic,hickstaylor,2023-11-12,2023-07-22
481,free,justin62,2020-11-13,
482,free,lunalaura,2020-08-25,
483,free,montgomerymaria,2021-12-11,
484,full,paul63,2021-11-30,2022-10-23
485,basic,baileystephen,2023-10-24,2020-05-15
486,basic,bhunt,2020-09-18,2021-11-13
487,free,qbuchanan,2021-09-27,
488,free,vsanchez,2021-01-28,
489,basic,tgreer,2020-12-05,2020-07-10
490,full,ginasloan,2022-03-24,2020-08-01
491,free,christine29,2022-05-23,
492,full,gonzalezmario,2020-06-08,2022-09-11
493,free,bthompson,2021-12-27,
494,basic,xjames,2021-09-25,2021-12-05
495,full,jessica87,2020-05-12,2023-08-22
496,full,julielang,2020-12-10,2022-12-21
497,free,zmelendez,2021-06-04,
498,free,harriskimberly,2021-10-08,
499,free,saraking,2022-04-16,
500,free,xle,2023-11-22,
501,basic,hansonmary,2022-11-10,2022-04-05
502,basic,roberthickman,2023-07-22,2021-08-01
503,basic,brenda70,2023-12-10,2020-01-05
504,full,xjohnson,2020-06-19,2020-05-03
505,free,johnsonjamie,2023-11-24,
506,free,tracysutton,2021-04-15,
507,basic,lrush,2021-04-24,2023-10-26
508,basic,joshua94,2020-03-03,2023-06-15
509,basic,michaelwatkins,2021-12-30,2020-06-10
510,full,erika77,2021-07-14,2023-01-30
511,free,reidteresa,2022-11-14,
512,full,zbailey,2021-05-15,2023-10-21
513,full,alejandra29,2023-09-08,2021-01-24
514,basic,portermark,2022-01-12,2023-03-31
515,full,allenwilliam,2022-04-05,2022-06-04
516,full,christina69,2022-09-25,2020-07-27
517,full,iprince,2023-06-07,2021-01-06
518,basic,shannon42,2022-07-04,2020-05-12
519,basic,irogers,2023-07-31,2023-07-28
520,free,robertsmelissa,2020-06-11,
521,full,connie76,2021-02-16,2020-11-29
522,full,james16,2023-01-17,2021-06-14
523,basic,lisachen,2023-09-26,2022-07-24
524,full,crosbyjuan,2023-04-21,2023-05-30
525,free,olsonhayden,2020-02-27,
526,basic,floresrobert,2021-09-05,2021-07-11
527,full,mitchell34,2021-11-28,2023-06-08
528,basic,jamespham,2021-06-07,2023-09-05
529,basic,joseph72,2021-11-14,2020-02-04
530,full,tcarey,2022-01-22,2022-10-27
531,basic,jasonpatrick,2023-05-19,2023-07-08
532,full,mitchellmatthew,2021-04-20,2022-12-01
533,free,npittman,2021-04-28,
534,free,shawstephanie,2023-03-13,
535,free,taylorkathleen,2021-07-26,
536,free,john09,2022-04-07,
537,full,martinezkelly,2021-11-21,2020-03-27
538,full,rbell,2022-05-04,2020-02-06
539,full,stephanieyoung,2022-03-15,2022-06-29
540,full,xwalker,2021-12-16,2021-02-26
541,free,rogersricky,2020-09-11,
542,basic,scottking,2021-08-23,2020-03-23
543,free,lindseygonzalez,2020-11-30,
544,free,nnichols,2023-08-01,
545,full,robertlewis,2022-01-02,2023-08-23
546,free,vdavies,2021-08-21,
547,basic,crosbyjeffrey,2020-08-20,2022-07-08
548,free,coreyschaefer,2023-01-10,
549,free,myerskrystal,2020-10-22,
550,basic,martinangela,2023-06-18,2020-04-02
551,free,kellyharrington,2021-02-28,
552,free,xmurray,2022-06-05,
553,basic,erin33,2022-02-21,2022-09-08
554,basic,kennethjones,2020-05-21,2023-08-16
555,free,churchsamantha,2022-03-24,
556,full,dustin98,2020-03-21,2021-01-09
557,basic,johnsonmichelle,2021-03-24,2022-10-21
558,full,kmays,2020-06-26,2021-01-25
559,free,nguyenrobert,2021-04-03,
560,basic,noahshepherd,2023-02-23,2021-11-09
561,full,matthew91,2021-10-02,2021-08-02
562,free,kimberlyrhodes,2020-12-28,
563,full,martinheather,2020-09-30,2023-08-28
564,free,alanfrazier,2020-03-31,
565,full,cflores,2022-04-18,2022-02-23
566,basic,stevensmichelle,2020-02-26,2023-08-14
567,free,campbellrobert,2022-02-22,
568,basic,katherine20,2022-02-10,2020-09-22
569,full,melindawilliams,2022-02-24,2022-06-22
570,full,heather09,2022-04-22,2022-10-09
571,full,michaelrodriguez,2023-05-16,2022-11-11
572,free,irodriguez,2023-08-10,
573,full,burkebrian,2023-02-08,2020-12-05
574,basic,aprilhayes,2020-11-02,2020-12-10
575,free,ebridges,2020-02-02,
576,basic,janet16,2020-02-04,2023-09-12
577,basic,gmullins,2020-05-06,2020-08-06
578,full,jlittle,2020-05-20,2021-07-25
579,free,henrydavid,2023-07-23,
580,full,kristen24,2022-10-12,2021-12-06
581,full,dsimmons,2021-03-17,2023-09-20
582,basic,howellmarcus,2021-04-25,2023-06-17
583,basic,joshua11,2021-05-19,2022-06-11
584,full,karenwilliams,2022-05-24,2022-07-23
585,full,kristophergarrett,2023-06-06,2021-04-07
586,free,terriwhite,2022-06-15,
587,basic,mhall,2021-11-21,2022-10-24
588,full,leblancaaron,2020-01-21,2021-10-14
589,full,andrew45,2020-12-18,2021-04-15
590,full,bporter,2023-06-08,2023-11-25
591,free,umckinney,2021-04-15,
592,basic,jpeters,2020-03-08,2021-06-22
593,basic,joelpierce,2022-12-17,2020-06-23
594,free,dorseydiane,2022-10-21,
595,full,itrevino,2022-04-07,2020-06-30
596,basic,martinezmartha,2023-05-11,2022-03-16
597,basic,isaacmartin,2022-05-25,2021-11-15
598,free,aaron12,2020-08-25,
599,full,rodriguezkelly,2021-08-08,2022-12-08
600,free,christopher11,2021-09-23,
601,full,allisonwatson,2020-09-16,2023-10-18
602,basic,valenciaadrienne,2023-03-02,2023-08-22
603,free,davisjennifer,2021-09-18,
604,basic,mary31,2022-10-17,2022-09-08
605,free,ulove,2022-12-13,
606,full,williamsdonna,2021-12-02,2020-07-04
607,free,davidwilliams,2020-01-16,
608,free,lfernandez,2021-06-17,
609,free,nsmith,2021-09-30,
610,free,mariamercer,2023-05-01,
611,basic,doris64,2021-04-23,2021-10-05
612,basic,kayla48,2023-06-15,2022-08-05
613,free,amiller,2022-09-24,
614,full,bryanroger,2023-11-01,2022-11-29
615,free,wrightlawrence,2023-05-08,
616,basic,wilkinsonbobby,2022-10-08,2022-11-19
617,full,simmonsbreanna,2021-07-03,2022-04-30
618,free,jennifer66,2022-06-20,
619,free,fletcherashley,2021-05-15,
620,full,christopher79,2020-02-15,2021-06-21
621,free,yolanda57,2020-03-22,
622,free,vickiereese,2022-12-23,
623,free,james99,2021-03-14,
624,free,ecabrera,2020-03-01,
625,full,gambleamy,2022-08-04,2020-01-12
626,basic,crystal71,2020-05-10,2021-12-10
627,full,qenglish,2021-03-29,2023-03-21
628,full,lwright,2021-10-17,2021-03-23
629,full,mramirez,2022-11-22,2023-06-11
630,full,bcruz,2021-09-22,2020-08-30
631,full,perezsherry,2023-09-06,2022-08-31
632,basic,kjones,2023-08-08,2021-03-04
633,free,joemahoney,2021-03-25,
634,free,sergiorojas,2023-06-28,
635,full,amber99,2022-01-03,2023-04-18
636,basic,laurajackson,2020-10-19,2021-02-02
637,basic,flemingdominique,2023-06-27,2022-11-15
638,full,zgilmore,2020-12-19,2021-02-03
639,basic,avilakayla,2022-08-12,2020-05-21
640,basic,leewilliam,2020-04-24,2022-08-23
641,basic,jmorrow,2020-05-01,2023-11-11
642,full,csmith,2021-03-13,2022-11-02
643,basic,kyle26,2020-07-17,2020-03-13
644,basic,stephaniebarker,2022-09-23,2020-11-25
645,full,ychristensen,2022-01-14,2021-08-29
646,basic,kennethsmith,2021-12-31,2023-01-01
647,free,dmartinez,2020-05-06,
648,free,rochatiffany,2022-11-20,
649,basic,jwilliams,2020-10-16,2021-05-06
650,full,colin25,2021-02-06,2022-08-13
651,basic,rsexton,2022-03-23,2021-12-19
652,full,dixonmichelle,2023-10-06,2023-05-05
653,free,espinozamelissa,2021-01-28,
654,full,lopezashley,2023-04-13,2021-06-04
655,full,qgarcia,2023-07-23,2020-06-24
656,basic,mcintoshshannon,2022-04-29,2021-10-30
657,full,laurawright,2020-03-02,2023-05-28
658,basic,vevans,2023-09-04,2020-02-17
659,free,joshuasanchez,2022-12-08,
660,free,longtimothy,2023-03-28,
661,full,sarahwhite,2021-05-09,2020-06-10
662,free,michelleanderson,2021-06-11,
663,basic,gkeller,2021-11-28,2023-05-07
664,full,ianowen,2023-03-22,2021-03-18
665,basic,ajennings,2022-01-07,2023-02-09
666,full,michael51,2021-02-01,2022-05-08
667,full,chavezmegan,2023-08-05,2020-09-19
668,basic,rhill,2022-10-28,2021-11-12
669,full,adamshaw,2022-02-07,2022-02-27
670,free,tracimoody,2023-12-01,
671,full,alexandertaylor,2021-09-06,2020-09-04
672,free,tylerharris,2023-06-01,
673,full,ijoseph,2021-07-24,2022-09-29
674,basic,benderrichard,2021-06-24,2021-11-25
675,free,bellrussell,2021-01-26,
676,free,adriennethompson,2023-06-21,
677,full,stephanie46,2023-01-14,2021-03-23
678,free,zyoung,2022-03-19,
679,free,tinajohnson,2022-07-18,
680,free,kristen51,2023-01-02,
681,full,johnnyhoward,2020-08-03,2023-05-05
682,full,andrew51,2023-05-22,2023-02-12
683,basic,jamie86,2023-06-03,2021-06-11
684,basic,wramirez,2020-05-20,2023-07-04
685,free,nwilson,2022-08-02,
686,free,michellegreen,2021-11-29,
687,full,adamcortez,2022-03-08,2021-06-19
688,basic,courtneyrobinson,2020-12-08,2021-06-14
689,free,ytaylor,2020-07-31,
690,basic,smithjacqueline,2023-02-16,2020-01-25
691,basic,tyler73,2022-02-10,2023-01-26
692,full,ibaker,2020-10-22,2020-01-16
693,full,ssantos,2022-08-29,2022-05-05
694,free,lguerra,2021-06-18,
695,free,kaufmanrickey,2021-10-31,
696,free,nicholas56,2021-01-31,
697,free,youngbradley,2022-08-12,
698,free,martinrebecca,2021-03-20,
699,free,jill42,2020-11-28,
700,basic,pwiley,2020-04-25,2022-02-14
701,full,juliabooth,2022-07-24,2021-07-16
702,free,tyler33,2020-07-15,
703,basic,meyergloria,2021-08-27,2023-10-26
704,free,churchblake,2021-05-15,
705,free,nancy10,2020-02-09,
706,basic,matthew58,2021-07-10,2023-07-09
707,free,hoffmanmolly,2022-06-11,
708,full,holttracy,2023-11-06,2023-05-15
709,full,pattyfreeman,2020-08-05,2023-03-20
710,full,lori42,2020-04-19,2021-02-10
711,free,deborah39,2021-06-09,
712,free,susan97,2023-01-24,
713,free,patrickchristopher,2020-10-31,
714,basic,fordjessica,2023-01-11,2023-06-24
715,full,andrea54,2023-06-13,2021-06-06
716,basic,whill,2022-02-05,2020-08-25
717,full,maria73,2021-09-28,2023-11-14
718,full,wolfkevin,2020-11-21,2022-10-11
719,full,tjames,2021-03-21,2022-02-26
720,free,jillpeterson,2020-03-10,
721,free,jeanhowell,2023-05-29,
722,basic,larsenholly,2023-04-19,2023-12-03
723,free,angelaford,2020-02-08,
724,free,bscott,2021-05-27,
725,basic,matthewbenjamin,2023-11-23,2020-03-24
726,basic,janet83,2022-08-07,2020-02-05
727,full,fburns,2021-11-30,2022-06-05
728,full,eric18,2023-10-03,2021-11-11
729,basic,zcollins,2020-11-11,2022-01-29
730,basic,sean89,2021-08-24,2021-05-19
731,free,julieorozco,2022-06-22,
732,full,simmonsjesse,2022-06-24,2021-11-10
733,full,ashleycarr,2021-02-05,2022-11-28
734,basic,millerjeffery,2020-11-22,2020-09-19
735,full,pmiller,2020-02-05,2023-09-19
736,full,ugriffin,2020-08-11,2020-07-04
737,full,timothy20,2022-03-09,2023-04-06
738,basic,dwagner,2022-12-15,2022-06-23
739,basic,todd30,2020-04-10,2021-07-04
740,full,maxwellyesenia,2021-06-01,2021-05-05
741,free,stephenrodriguez,2020-10-02,
742,basic,wayne98,2022-04-10,2021-04-16
743,full,gilesamanda,2023-06-22,2022-03-04
744,full,thompsonethan,2023-10-23,2020-08-22
745,full,jturner,2022-09-16,2021-08-26
746,basic,stephen56,2020-09-05,2023-03-18
747,basic,jeffrey61,2023-03-23,2022-08-24
748,basic,aliceglenn,2023-05-20,2020-02-21
749,free,meredith20,2023-12-02,
750,basic,rebeccavargas,2021-11-18,2022-02-22
751,full,stephaniecook,2022-02-07,2020-01-04
752,full,shane22,2020-05-10,2020-05-30
753,free,watsonjeffrey,2022-11-16,
754,full,hawkinsvanessa,2021-09-29,2023-11-11
755,free,boydsean,2023-08-30,
756,free,amanda69,2023-08-21,
757,free,gkeith,2022-03-17,
758,full,michaelwalker,2021-07-17,2023-01-13
759,full,perrykatrina,2023-04-03,2023-10-16
760,basic,bakermark,2021-01-29,2023-02-19
761,full,tgallegos,2021-07-09,2021-03-16
762,basic,lromero,2022-11-24,2021-03-05
763,free,josephkaren,2023-07-29,
764,full,caldwellwesley,2022-03-10,2020-10-12
765,full,danielhall,2020-08-16,2021-06-30
766,full,stacy61,2020-09-22,2023-07-20
767,free,wcruz,2023-11-03,
768,full,williamsoncrystal,2022-02-25,2022-01-18
769,free,lreeves,2021-06-27,
770,full,emacias,2020-11-06,2022-03-06
771,basic,kevin11,2023-05-19,2023-04-24
772,free,debra83,2020-04-26,
773,basic,riddleheather,2022-06-03,2023-06-12
774,full,fosterrachel,2023-04-20,2023-01-21
775,full,tadams,2020-06-12,2023-06-02
776,free,leefrank,2023-03-26,
777,full,julia05,2022-09-05,2021-07-30
778,basic,roy26,2020-05-11,2020-12-28
779,basic,perezkevin,2022-05-20,2022-01-12
780,full,garythompson,2021-02-11,2021-05-31
781,basic,hreynolds,2021-11-06,2023-01-30
782,basic,mcleanbrandon,2021-05-15,2020-05-30
783,free,ryanaustin,2022-03-03,
784,full,wmason,2020-06-24,2020-06-21
785,basic,geraldbaker,2023-03-25,2023-03-30
786,basic,nicholas77,2022-12-14,2021-05-05
787,full,narroyo,2021-07-20,2023-03-11
788,free,emily13,2023-03-29,
789,free,gmaynard,2023-04-12,
790,basic,baileyrobert,2022-02-13,2023-04-21
791,full,millerrachel,2021-10-02,2021-11-23
792,full,coreyscott,2022-01-17,2020-12-05
793,basic,davidhart,2022-01-13,2023-07-10
794,free,qking,2021-12-15,
795,basic,kim97,2022-12-11,2021-03-27
796,basic,briandavis,2023-01-25,2021-08-04
797,free,sarah26,2021-09-26,
798,basic,duncanandrea,2023-04-01,2023-03-17
799,full,barnesalyssa,2022-02-27,2021-12-14
800,free,zanderson,2020-03-08,
801,free,msantos,2021-12-16,
802,full,bsmith,2023-05-07,2022-01-07
803,free,ashley39,2023-02-24,
804,full,sarahcolon,2021-05-04,2020-12-28
805,free,phansen,2020-03-16,
806,free,ronaldhenson,2023-05-07,
807,full,angelaalexander,2021-08-06,2021-04-16
808,basic,emiller,2023-04-08,2022-12-09
809,full,felicia15,2023-10-07,2021-05-09
810,basic,jennifernielsen,2021-08-05,2022-04-24
811,free,rodriguezbruce,2021-01-03,
812,basic,meaganjones,2021-05-01,2023-06-30
813,full,henrystephanie,2022-05-16,2022-12-15
814,basic,garyross,2021-10-29,2020-02-03
815,free,martincatherine,2023-07-26,
816,full,hernandezbenjamin,2020-02-24,2021-02-18
817,basic,pgoodwin,2023-01-15,2020-11-29
818,free,tony92,2020-02-17,
819,full,gracenguyen,2023-10-27,2022-07-17
820,full,lance43,2023-05-07,2020-10-15
821,full,jeremy01,2020-08-01,2023-02-01
822,full,uswanson,2022-01-01,2022-09-28
823,full,ericagonzales,2020-02-08,2021-07-01
824,basic,perezveronica,2020-04-05,2020-04-13
825,basic,rstanley,2020-10-28,2021-06-24
826,free,foxkarla,2020-11-24,
827,basic,ghickman,2021-08-04,2022-08-18
828,basic,barbaracain,2022-05-31,2022-09-22
829,basic,edwardjames,2021-11-14,2021-03-10
830,basic,petersonhaley,2020-05-18,2022-11-19
831,basic,michaelclark,2022-06-01,2022-10-19
832,basic,xmartinez,2022-10-25,2023-11-01
833,full,kaitlintaylor,2020-10-13,2021-01-06
834,full,fcompton,2022-07-15,2021-07-19
835,free,oliverangela,2022-11-01,
836,full,nbuchanan,2022-01-07,2020-03-17
837,free,jamesaustin,2022-10-30,
838,free,henryjames,2023-05-22,
839,full,jshields,2020-11-12,2020-09-19
840,full,thomas90,2020-05-06,2022-11-01
841,basic,lsanchez,2022-04-25,2020-08-19
842,basic,dgould,2020-05-03,2022-09-09
843,full,rioschristine,2020-02-20,2021-11-27
844,free,sarah72,2020-05-03,
845,free,belinda17,2022-08-25,
846,basic,robert92,2022-01-20,2023-07-22
847,basic,rlee,2020-07-18,2020-07-28
848,full,shernandez,2023-03-07,2022-02-15
849,free,yolanda86,2022-10-04,
850,basic,natashakaiser,2022-08-01,2021-07-28
851,free,josephpoole,2022-03-10,
852,full,cchan,2023-07-26,2022-10-18
853,basic,aaron10,2020-03-29,2023-10-30
854,free,robertkerr,2020-10-29,
855,basic,anthony12,2021-12-11,2023-07-05
856,basic,bowentaylor,2022-10-18,2022-10-10
857,free,erinvance,2021-01-23,
858,basic,michelle85,2020-02-15,2023-06-22
859,full,snyderjessica,2023-03-20,2022-07-19
860,full,scottyoung,2023-05-10,2023-09-19
861,basic,kristiwhite,2023-10-28,2023-02-11
862,full,wwilliams,2022-10-20,2022-06-10
863,free,kanecatherine,2022-07-02,
864,full,martinsean,2021-10-18,2020-01-14
865,full,fraziermary,2021-01-15,2023-05-18
866,full,suzannejones,2020-01-10,2020-03-13
867,basic,njames,2023-06-18,2020-03-09
868,basic,cindydennis,2022-08-08,2023-04-11
869,full,jennifer53,2021-11-30,2021-04-02
870,free,rdoyle,2021-10-23,
871,basic,aparker,2022-02-14,2020-02-12
872,basic,richnancy,2023-09-29,2023-10-07
873,free,wandaharvey,2021-06-16,
874,free,williamsandrew,2021-12-09,
875,full,georgehudson,2020-09-29,2020-10-27
876,free,castanedamichelle,2023-07-25,
877,full,pearsonrodney,2021-08-26,2021-01-11
878,basic,duanemyers,2020-11-04,2021-01-04
879,basic,millerkarla,2021-06-05,2021-09-10
880,basic,jonathanortiz,2021-01-26,2022-12-20
881,full,ramireztammy,2021-08-09,2022-06-02
882,basic,umeza,2021-10-26,2021-06-01
883,full,ogreen,2022-02-21,2020-11-23
884,free,gutierrezmichael,2020-02-20,
885,basic,wmorrison,2023-10-15,2022-11-08
886,basic,douglas56,2021-02-10,2020-11-21
887,basic,kimberlychang,2021-05-03,2023-11-15
888,basic,stewartlauren,2020-02-05,2021-02-08
889,basic,karen36,2023-01-18,2020-09-03
890,free,michael01,2022-07-02,
891,free,ian53,2022-05-06,
892,free,hwillis,2020-11-07,
893,basic,vanessakaufman,2021-01-04,2023-10-25
894,free,jessicajames,2021-07-03,
895,free,matthew81,2022-02-14,
896,basic,owalton,2023-08-23,2023-07-10
897,free,jasonharrison,2022-02-28,
898,free,villasarah,2023-08-27,
899,full,dstephens,2022-05-21,2022-03-04
900,basic,cameronjohnson,2020-05-14,2022-06-27
901,basic,bsullivan,2022-12-19,2023-10-03
902,free,mark95,2022-08-15,
903,free,jenniferjones,2023-08-31,
904,full,alexandra27,2020-10-21,2022-04-14
905,basic,veronicafrank,2023-09-13,2022-06-10
906,full,dreyes,2021-05-23,2022-07-09
907,full,johnathanallen,2022-05-22,2023-03-07
908,full,derekgarcia,2022-04-24,2023-03-20
909,full,dalton81,2020-02-12,2022-12-24
910,full,jeffersonapril,2023-06-03,2020-01-01
911,basic,robert24,2022-06-27,2020-01-16
912,basic,sherri95,2023-02-18,2021-03-16
913,basic,curryelizabeth,2021-11-29,2023-04-18
914,basic,michaelsanchez,2021-01-28,2022-02-14
915,basic,potterscott,2020-05-11,2021-11-11
916,free,swarren,2022-06-05,
917,full,romerobrandy,2022-06-03,2020-03-11
918,full,thomaslarson,2021-08-04,2021-07-12
919,basic,ann98,2022-05-17,2020-07-18
920,free,pjones,2020-09-02,
921,full,bjones,2021-07-26,2021-08-22
922,full,ogalvan,2022-04-26,2021-10-28
923,full,christophercamacho,2023-02-28,2020-06-08
924,free,wagneranna,2023-12-11,
925,full,chloekennedy,2023-01-14,2023-05-20
926,full,sarahsmith,2021-11-10,2020-04-10
927,basic,james65,2021-02-10,2022-06-27
928,free,scottharmon,2023-07-11,
929,full,ballleonard,2022-11-16,2023-07-23
930,full,shannonrhonda,2022-11-19,2020-05-16
931,free,kennethrodriguez,2022-12-14,
932,basic,nortonlori,2022-05-06,2020-06-04
933,free,daniel60,2021-12-15,
934,basic,myersjohnny,2022-12-13,2022-09-07
935,full,brandoncarter,2021-10-14,2021-01-17
936,full,victoria39,2020-03-02,2023-08-25
937,basic,tnunez,2020-05-13,2020-03-16
938,free,gregoryboyd,2021-07-26,
939,basic,ujohnson,2022-10-09,2021-11-21
940,full,scott28,2022-01-25,2020-04-19
941,basic,umoore,2021-02-19,2020-09-01
942,free,hgoodwin,2020-12-26,
943,basic,amber86,2023-02-01,2020-05-20
944,basic,elizabethdorsey,2020-03-16,2023-11-22
945,free,phillipdean,2022-05-18,
946,free,lwilliams,2022-09-02,
947,full,thompsonwanda,2023-01-27,2020-09-19
948,free,coxcassandra,2021-03-22,
949,free,hintonelizabeth,2023-02-15,
950,free,ashley31,2021-05-12,
951,full,yolanda47,2020-11-15,2021-08-11
952,free,westlarry,2023-08-01,
953,free,chadvasquez,2021-03-29,
954,full,rodriguezjake,2022-08-21,2020-04-26
955,basic,pbradley,2022-12-14,2022-02-24
956,free,stephanie96,2022-07-15,
957,basic,keylaura,2023-11-04,2022-05-31
958,basic,frodriguez,2020-05-30,2023-03-04
959,basic,royhayden,2021-06-30,2022-11-01
960,full,robinking,2021-01-19,2020-01-02
961,basic,paulwalker,2023-02-04,2022-05-06
962,basic,gardnerdana,2020-10-17,2023-11-05
963,free,meredith40,2021-04-22,
964,basic,zsmith,2021-10-04,2021-11-06
965,free,williamnorris,2022-11-15,
966,free,gerickson,2023-08-06,
967,free,lrandolph,2021-01-27,
968,full,john29,2020-07-17,2020-03-18
969,basic,hoodcrystal,2023-01-14,2021-03-29
970,free,cserrano,2022-06-11,
971,full,schneiderchad,2022-10-26,2022-08-31
972,free,markhunter,2022-04-10,
973,free,hmorris,2022-10-12,
974,full,ogomez,2021-02-04,2023-03-08
975,free,msalinas,2020-12-12,
976,full,marcussharp,2022-09-25,2021-06-25
977,basic,elizabethjohnson,2022-06-10,2023-08-30
978,free,ellengates,2023-01-19,
979,free,lynn79,2022-02-16,
980,basic,johnsoncarlos,2022-08-06,2023-04-12
981,free,millerkristi,2021-04-08,
982,full,pmitchell,2021-11-13,2020-10-17
983,full,morenograce,2022-04-17,2022-05-27
984,basic,wilsonmegan,2021-01-26,2020-08-21
985,basic,barbararhodes,2023-07-27,2021-10-09
986,full,qnelson,2022-08-18,2022-02-24
987,basic,stephenmiller,2021-11-19,2022-02-11
988,full,bridgeswesley,2020-06-13,2020-05-22
989,basic,david28,2022-02-20,2020-01-29
990,basic,stonedaniel,2023-12-10,2020-04-16
991,basic,patrick98,2022-12-12,2020-10-24
992,free,rmeyer,2021-06-21,
993,basic,christyevans,2022-02-05,2022-07-27
994,free,ykeith,2021-02-22,
995,full,tsullivan,2023-05-31,2020-03-17
996,full,scott26,2021-02-11,2021-10-26
997,basic,linda82,2020-05-14,2020-08-17
998,basic,tranroger,2023-10-17,2023-10-17
999,full,prattbrandon,2021-08-27,2022-03-19
1000,basic,matthewperkins,2021-08-30,2020-11-01
